A1,0.0,0.0,1.0
A2,9.789899237534138e-18,-0.15988118769183485,0.9871362650729879
A3,1.9327929137560677e-17,-0.3156490369471024,0.9488760116444965
A4,2.836870032335992e-17,-0.4632960351198617,0.8862035792312147
A5,3.6679616626792065e-17,-0.5990235985155857,0.8007313709487336
A6,4.404685919920126e-17,-0.7193398003386511,0.6946583704589974
A7,-0.1861788402278876,-0.694828891024725,0.6946583704589974
A8,-0.21252905419467538,-0.793169228339088,0.5707135676844317
A9,-0.1875015253993389,-0.8821253219668684,0.4320857488019823
A10,-0.1994525904717284,-0.9383506625467682,0.2823414568428767
A11,-0.19355197655637646,-0.9730514955208874,0.12533323356430426
A12,-0.1949714782631202,-0.9801878125103402,-0.03489949670250073
A13,-0.19137485714045496,-0.9621063771021513,-0.19423435121997218
A14,-0.19487188320829263,-0.9168001292325018,-0.3485720473218152
A15,-0.18077816095089866,-0.8504943791457394,-0.4939418665842308
A16,5.3241209114671e-17,-0.8694949295052191,-0.4939418665842308
A17,5.73919694164854e-17,-0.9372819894918916,-0.3485720473218152
A18,6.00661795552741e-17,-0.9809551553491915,-0.19423435121997218
A19,6.119503887030809e-17,-0.9993908270190958,-0.03489949670250073
A20,6.074950466759039e-17,-0.9921147013144779,0.12533323356430426
A21,5.874103941489033e-17,-0.9593139745400574,0.2823414568428767
A22,5.5221315841449674e-17,-0.9018325264051138,0.4320857488019823
A23,5.028088752939856e-17,-0.821149209133704,0.5707135676844317
A24,0.1861788402278876,-0.694828891024725,0.6946583704589974
A25,0.21252905419467538,-0.793169228339088,0.5707135676844317
A26,0.1875015253993389,-0.8821253219668684,0.4320857488019823
A27,0.1994525904717284,-0.9383506625467682,0.2823414568428767
A28,0.19355197655637646,-0.9730514955208874,0.12533323356430426
A29,0.1949714782631202,-0.9801878125103402,-0.03489949670250073
A30,0.19137485714045496,-0.9621063771021513,-0.19423435121997218
A31,0.19487188320829263,-0.9168001292325018,-0.3485720473218152
A32,0.18077816095089866,-0.8504943791457394,-0.4939418665842308
B1,0.18553384881782875,-0.2553654351482915,0.9488760116444965
B2,0.1884394740749806,-0.42324198842757654,0.8862035792312147
B3,0.3520972369826287,-0.4846202712307444,0.8007313709487336
B4,0.3596699001693256,-0.6229665410464977,0.6946583704589974
B5,0.41057460456685213,-0.7111360754072884,0.5707135676844317
B6,0.36680833440658395,-0.8238650080517426,0.4320857488019823
B7,0.3901881456601266,-0.8763769238941391,0.2823414568428767
B8,0.3796658591988903,-0.9165944664479947,0.12533323356430426
B9,0.38245031195785334,-0.9233167300624704,-0.03489949670250073
B10,0.37539528584525855,-0.9062843903385477,-0.19423435121997218
B11,0.3812269300213394,-0.8562497040305375,-0.3485720473218152
B12,0.35365544879838234,-0.7943231432927664,-0.4939418665842308
B13,0.5509205306626827,-0.7582770580205012,-0.3485720473218152
B14,0.5449894842391305,-0.8156344027043753,-0.19423435121997218
B15,0.5552317946446521,-0.8309631034802876,-0.03489949670250073
B16,0.5511893957914576,-0.8249132260616043,0.12533323356430426
B17,0.5638706065527228,-0.7761013083442821,0.2823414568428767
B18,0.5300838590585882,-0.7295978399418306,0.4320857488019823
B19,0.5806401741444126,-0.5806401741444126,0.5707135676844317
B20,0.5086500507968373,-0.5086500507968373,0.6946583704589974
B21,0.34429605116351836,-0.310005556903408,0.8862035792312147
B22,0.4846202712307444,-0.3520972369826287,0.8007313709487336
B23,0.6229665410464978,-0.3596699001693255,0.6946583704589974
B24,0.7111360754072885,-0.41057460456685196,0.5707135676844317
B25,0.6701921754451658,-0.6034437452275948,0.4320857488019823
B26,0.7129092161875964,-0.6419063414725149,0.2823414568428767
B27,0.7015310330143335,-0.7015310330143334,0.12533323356430426
B28,0.7066760308408345,-0.7066760308408344,-0.03489949670250073
B29,0.6936400423873166,-0.6936400423873165,-0.19423435121997218
B30,0.6965362605040566,-0.6271640659579464,-0.3485720473218152
B31,0.8117100134095975,-0.4686409947459457,-0.3485720473218152
B32,0.8156344027043753,-0.5449894842391304,-0.19423435121997218
C1,0.15205604538732803,-0.04940600407762764,0.9871362650729879
C2,0.3002000734508314,-0.0975409166747403,0.9488760116444965
C3,0.4406207131744528,-0.14316634827856975,0.8862035792312147
C4,0.5697052967828197,-0.1851084719729515,0.8007313709487336
C5,0.694828891024725,-0.1861788402278876,0.6946583704589974
C6,0.793169228339088,-0.21252905419467538,0.5707135676844317
C7,0.8576937008445046,-0.27868157673927363,0.4320857488019823
C8,0.7810098778259291,-0.45091626320255684,0.4320857488019823
C9,0.830790272157108,-0.47965698727002865,0.2823414568428767
C10,0.8249132260616043,-0.5511893957914575,0.12533323356430426
C11,0.8309631034802876,-0.555231794644652,-0.03489949670250073
C12,0.9062843903385477,-0.3753952858452585,-0.19423435121997218
C13,0.9233167300624704,-0.3824503119578533,-0.03489949670250073
C14,0.9165944664479947,-0.37966585919889023,0.12533323356430426
C15,0.9123618066593246,-0.29644432107425334,0.2823414568428767
C16,0.9730514955208874,-0.19355197655637638,0.12533323356430426
C17,0.9801878125103402,-0.1949714782631201,-0.03489949670250073
C18,0.9993908270190958,0.0,-0.03489949670250073
C19,0.9921147013144779,0.0,0.12533323356430426
C20,0.9540587522128493,-0.10027561554985703,0.2823414568428767
C21,0.8968921934651721,-0.09426716810991205,0.4320857488019823
C22,0.821149209133704,0.0,0.5707135676844317
C23,0.7193398003386511,0.0,0.6946583704589974
C24,0.5990235985155857,0.0,0.8007313709487336
C25,0.460758050964011,0.04842762258907595,0.8862035792312147
C26,0.5697052967828197,0.1851084719729515,0.8007313709487336
C27,0.694828891024725,0.1861788402278876,0.6946583704589974
C28,0.793169228339088,0.21252905419467538,0.5707135676844317
C29,0.8968921934651721,0.09426716810991205,0.4320857488019823
C30,0.9540587522128493,0.10027561554985703,0.2823414568428767
C31,0.9730514955208874,0.19355197655637638,0.12533323356430426
C32,0.9801878125103402,0.1949714782631201,-0.03489949670250073
D1,0.0939758042442654,0.12934659792354508,0.9871362650729879
D2,0.3002000734508314,0.0975409166747403,0.9488760116444965
D3,0.40122613588640776,0.23164801755993084,0.8862035792312147
D4,0.4846202712307444,0.3520972369826287,0.8007313709487336
D5,0.6229665410464978,0.3596699001693255,0.6946583704589974
D6,0.8576937008445046,0.27868157673927363,0.4320857488019823
D7,0.9123618066593246,0.29644432107425334,0.2823414568428767
D8,0.9165944664479947,0.37966585919889023,0.12533323356430426
D9,0.9233167300624704,0.3824503119578533,-0.03489949670250073
D10,0.9062843903385477,0.3753952858452585,-0.19423435121997218
D11,0.8156344027043753,0.5449894842391304,-0.19423435121997218
D12,0.8309631034802876,0.555231794644652,-0.03489949670250073
D13,0.8249132260616043,0.5511893957914575,0.12533323356430426
D14,0.830790272157108,0.47965698727002865,0.2823414568428767
D15,0.7810098778259291,0.45091626320255684,0.4320857488019823
D16,0.7111360754072885,0.41057460456685196,0.5707135676844317
D17,0.5086500507968373,0.5086500507968373,0.6946583704589974
D18,0.5806401741444126,0.5806401741444126,0.5707135676844317
D19,0.6701921754451658,0.6034437452275948,0.4320857488019823
D20,0.7129092161875964,0.6419063414725149,0.2823414568428767
D21,0.7015310330143335,0.7015310330143334,0.12533323356430426
D22,0.7066760308408345,0.7066760308408344,-0.03489949670250073
D23,0.6936400423873166,0.6936400423873165,-0.19423435121997218
D24,0.5552317946446521,0.8309631034802876,-0.03489949670250073
D25,0.5511893957914576,0.8249132260616043,0.12533323356430426
D26,0.5638706065527228,0.7761013083442821,0.2823414568428767
D27,0.5300838590585882,0.7295978399418306,0.4320857488019823
D28,0.41057460456685213,0.7111360754072884,0.5707135676844317
D29,0.36680833440658395,0.8238650080517426,0.4320857488019823
D30,0.3901881456601266,0.8763769238941391,0.2823414568428767
D31,0.3796658591988903,0.9165944664479947,0.12533323356430426
D32,0.38245031195785334,0.9233167300624704,-0.03489949670250073
E1,1.9327929137560677e-17,0.3156490369471024,0.9488760116444965
E2,0.18553384881782875,0.2553654351482915,0.9488760116444965
E3,0.27231857688903044,0.37481436583850064,0.8862035792312147
E4,0.3520972369826287,0.4846202712307444,0.8007313709487336
E5,0.3596699001693256,0.6229665410464977,0.6946583704589974
E6,0.1861788402278876,0.694828891024725,0.6946583704589974
E7,0.21252905419467538,0.793169228339088,0.5707135676844317
E8,0.1875015253993389,0.8821253219668684,0.4320857488019823
E9,0.1994525904717284,0.9383506625467682,0.2823414568428767
E10,0.19355197655637646,0.9730514955208874,0.12533323356430426
E11,0.1949714782631202,0.9801878125103402,-0.03489949670250073
E12,6.119503887030809e-17,0.9993908270190958,-0.03489949670250073
E13,6.074950466759039e-17,0.9921147013144779,0.12533323356430426
E14,5.874103941489033e-17,0.9593139745400574,0.2823414568428767
E15,5.5221315841449674e-17,0.9018325264051138,0.4320857488019823
E16,5.028088752939856e-17,0.821149209133704,0.5707135676844317
E17,4.404685919920126e-17,0.7193398003386511,0.6946583704589974
E18,3.6679616626792065e-17,0.5990235985155857,0.8007313709487336
E19,0.18510847197295155,0.5697052967828197,0.8007313709487336
E20,0.09632466201093452,0.4531719051819777,0.8862035792312147
E21,-0.09632466201093452,0.4531719051819777,0.8862035792312147
E22,-0.18510847197295155,0.5697052967828197,0.8007313709487336
E23,-0.1861788402278876,0.694828891024725,0.6946583704589974
E24,-0.21252905419467538,0.793169228339088,0.5707135676844317
E25,-0.1875015253993389,0.8821253219668684,0.4320857488019823
E26,-0.1994525904717284,0.9383506625467682,0.2823414568428767
E27,-0.19355197655637646,0.9730514955208874,0.12533323356430426
E28,-0.1949714782631202,0.9801878125103402,-0.03489949670250073
E29,-0.38245031195785334,0.9233167300624704,-0.03489949670250073
E30,-0.3796658591988903,0.9165944664479947,0.12533323356430426
E31,-0.3901881456601266,0.8763769238941391,0.2823414568428767
E32,-0.36680833440658395,0.8238650080517426,0.4320857488019823
F1,-0.0939758042442654,0.12934659792354508,0.9871362650729879
F2,-0.18553384881782875,0.2553654351482915,0.9488760116444965
F3,-0.27231857688903044,0.37481436583850064,0.8862035792312147
F4,-0.3520972369826287,0.4846202712307444,0.8007313709487336
F5,-0.3596699001693256,0.6229665410464977,0.6946583704589974
F6,-0.41057460456685213,0.7111360754072884,0.5707135676844317
F7,-0.5300838590585882,0.7295978399418306,0.4320857488019823
F8,-0.5638706065527228,0.7761013083442821,0.2823414568428767
F9,-0.5511893957914576,0.8249132260616043,0.12533323356430426
F10,-0.5552317946446521,0.8309631034802876,-0.03489949670250073
F11,-0.6936400423873166,0.6936400423873165,-0.19423435121997218
F12,-0.7066760308408345,0.7066760308408344,-0.03489949670250073
F13,-0.7015310330143335,0.7015310330143334,0.12533323356430426
F14,-0.7129092161875964,0.6419063414725149,0.2823414568428767
F15,-0.6701921754451658,0.6034437452275948,0.4320857488019823
F16,-0.5806401741444126,0.5806401741444126,0.5707135676844317
F17,-0.5086500507968373,0.5086500507968373,0.6946583704589974
F18,-0.4846202712307444,0.3520972369826287,0.8007313709487336
F19,-0.40122613588640776,0.23164801755993084,0.8862035792312147
F20,-0.3002000734508314,0.0975409166747403,0.9488760116444965
F21,-0.460758050964011,0.04842762258907595,0.8862035792312147
F22,-0.5697052967828197,0.1851084719729515,0.8007313709487336
F23,-0.6229665410464978,0.3596699001693255,0.6946583704589974
F24,-0.7111360754072885,0.41057460456685196,0.5707135676844317
F25,-0.7810098778259291,0.45091626320255684,0.4320857488019823
F26,-0.830790272157108,0.47965698727002865,0.2823414568428767
F27,-0.8249132260616043,0.5511893957914575,0.12533323356430426
F28,-0.8309631034802876,0.555231794644652,-0.03489949670250073
F29,-0.8156344027043753,0.5449894842391304,-0.19423435121997218
F30,-0.9062843903385477,0.3753952858452585,-0.19423435121997218
F31,-0.9233167300624704,0.3824503119578533,-0.03489949670250073
F32,-0.9165944664479947,0.37966585919889023,0.12533323356430426
G1,-0.15205604538732803,-0.04940600407762764,0.9871362650729879
G2,-0.3002000734508314,-0.0975409166747403,0.9488760116444965
G3,-0.4406207131744528,-0.14316634827856975,0.8862035792312147
G4,-0.5990235985155857,0.0,0.8007313709487336
G5,-0.694828891024725,0.1861788402278876,0.6946583704589974
G6,-0.793169228339088,0.21252905419467538,0.5707135676844317
G7,-0.8576937008445046,0.27868157673927363,0.4320857488019823
G8,-0.9123618066593246,0.29644432107425334,0.2823414568428767
G9,-0.9730514955208874,0.19355197655637638,0.12533323356430426
G10,-0.9801878125103402,0.1949714782631201,-0.03489949670250073
G11,-0.9993908270190958,0.0,-0.03489949670250073
G12,-0.9921147013144779,0.0,0.12533323356430426
G13,-0.9540587522128493,0.10027561554985703,0.2823414568428767
G14,-0.8968921934651721,0.09426716810991205,0.4320857488019823
G15,-0.821149209133704,0.0,0.5707135676844317
G16,-0.7193398003386511,0.0,0.6946583704589974
G17,-0.793169228339088,-0.21252905419467538,0.5707135676844317
G18,-0.8968921934651721,-0.09426716810991205,0.4320857488019823
G19,-0.9540587522128493,-0.10027561554985703,0.2823414568428767
G20,-0.9730514955208874,-0.19355197655637638,0.12533323356430426
G21,-0.9801878125103402,-0.1949714782631201,-0.03489949670250073
G22,-0.9062843903385477,-0.3753952858452585,-0.19423435121997218
G23,-0.9233167300624704,-0.3824503119578533,-0.03489949670250073
G24,-0.9165944664479947,-0.37966585919889023,0.12533323356430426
G25,-0.9123618066593246,-0.29644432107425334,0.2823414568428767
G26,-0.8576937008445046,-0.27868157673927363,0.4320857488019823
G27,-0.7810098778259291,-0.45091626320255684,0.4320857488019823
G28,-0.830790272157108,-0.47965698727002865,0.2823414568428767
G29,-0.8249132260616043,-0.5511893957914575,0.12533323356430426
G30,-0.8309631034802876,-0.555231794644652,-0.03489949670250073
G31,-0.8156344027043753,-0.5449894842391304,-0.19423435121997218
G32,-0.8117100134095975,-0.4686409947459457,-0.3485720473218152
H1,-0.18553384881782875,-0.2553654351482915,0.9488760116444965
H2,-0.34429605116351836,-0.310005556903408,0.8862035792312147
H3,-0.4846202712307444,-0.3520972369826287,0.8007313709487336
H4,-0.5697052967828197,-0.1851084719729515,0.8007313709487336
H5,-0.694828891024725,-0.1861788402278876,0.6946583704589974
H6,-0.6229665410464978,-0.3596699001693255,0.6946583704589974
H7,-0.7111360754072885,-0.41057460456685196,0.5707135676844317
H8,-0.6701921754451658,-0.6034437452275948,0.4320857488019823
H9,-0.7129092161875964,-0.6419063414725149,0.2823414568428767
H10,-0.7015310330143335,-0.7015310330143334,0.12533323356430426
H11,-0.7066760308408345,-0.7066760308408344,-0.03489949670250073
H12,-0.6936400423873166,-0.6936400423873165,-0.19423435121997218
H13,-0.6965362605040566,-0.6271640659579464,-0.3485720473218152
H14,-0.5509205306626827,-0.7582770580205012,-0.3485720473218152
H15,-0.5449894842391305,-0.8156344027043753,-0.19423435121997218
H16,-0.5552317946446521,-0.8309631034802876,-0.03489949670250073
H17,-0.5511893957914576,-0.8249132260616043,0.12533323356430426
H18,-0.5638706065527228,-0.7761013083442821,0.2823414568428767
H19,-0.5300838590585882,-0.7295978399418306,0.4320857488019823
H20,-0.5806401741444126,-0.5806401741444126,0.5707135676844317
H21,-0.5086500507968373,-0.5086500507968373,0.6946583704589974
H22,-0.3520972369826287,-0.4846202712307444,0.8007313709487336
H23,-0.1884394740749806,-0.42324198842757654,0.8862035792312147
H24,-0.3596699001693256,-0.6229665410464977,0.6946583704589974
H25,-0.41057460456685213,-0.7111360754072884,0.5707135676844317
H26,-0.36680833440658395,-0.8238650080517426,0.4320857488019823
H27,-0.3901881456601266,-0.8763769238941391,0.2823414568428767
H28,-0.3796658591988903,-0.9165944664479947,0.12533323356430426
H29,-0.38245031195785334,-0.9233167300624704,-0.03489949670250073
H30,-0.37539528584525855,-0.9062843903385477,-0.19423435121997218
H31,-0.3812269300213394,-0.8562497040305375,-0.3485720473218152
H32,-0.35365544879838234,-0.7943231432927664,-0.4939418665842308
CPzAid,2.3925381291581112e-17,-0.3907311284892737,0.9205048534524404
FCzAid,2.3925381291581112e-17,0.3907311284892737,0.9205048534524404
AFzAid,5.716531405282095e-17,0.9335804264972017,0.3583679495453004
POzAid,5.716531405282095e-17,-0.9335804264972017,0.3583679495453004
CMS,-0.18510847197295155,-0.5697052967828197,0.8007313709487336
DRL,0.18510847197295155,-0.5697052967828197,0.8007313709487336
I1,4.77206872103671e-17,-0.7793379649314741,-0.6266038113644605
I2,0.1620334740073745,-0.7623075605584881,-0.6266038113644605
I3,0.3169853076777535,-0.7119606578315767,-0.6266038113644605
I4,0.4580833623383491,-0.6304976579911494,-0.6266038113644605
I5,0.579160975936908,-0.5214788850330758,-0.6266038113644605
I6,0.6749264757643226,-0.389668982465737,-0.6266038113644605
I7,0.7750686700161026,0.08146299984042739,-0.6266038113644605
I8,0.7411944499442823,0.2408286755254123,-0.6266038113644605
I9,0.6749264757643226,0.389668982465737,-0.6266038113644605
I10,0.579160975936908,0.5214788850330758,-0.6266038113644605
I11,0.4580833623383491,0.6304976579911494,-0.6266038113644605
I12,0.3169853076777535,0.7119606578315767,-0.6266038113644605
I13,-0.1620334740073745,-0.7623075605584881,-0.6266038113644605
I14,-0.3169853076777535,-0.7119606578315767,-0.6266038113644605
I15,-0.4580833623383491,-0.6304976579911494,-0.6266038113644605
I16,-0.579160975936908,-0.5214788850330758,-0.6266038113644605
I17,-0.6749264757643226,-0.389668982465737,-0.6266038113644605
I18,-0.7750686700161026,0.08146299984042739,-0.6266038113644605
I19,-0.7411944499442823,0.2408286755254123,-0.6266038113644605
I20,-0.6749264757643226,0.389668982465737,-0.6266038113644605
I21,-0.579160975936908,0.5214788850330758,-0.6266038113644605
I22,-0.4580833623383491,0.6304976579911494,-0.6266038113644605
I23,-0.3169853076777535,0.7119606578315767,-0.6266038113644605
J1,0.5110762965062514,-0.7034361744925692,-0.4939418665842308
J2,0.6461606576406352,-0.5818056694057799,-0.4939418665842308
J3,0.7530046974132795,-0.4347474647526095,-0.4939418665842308
J4,0.8647317453046337,0.09088696880019723,-0.4939418665842308
J5,0.8269388185915338,0.26868870973995956,-0.4939418665842308
J6,0.7530046974132795,0.4347474647526095,-0.4939418665842308
J7,0.6461606576406352,0.5818056694057799,-0.4939418665842308
J8,-0.5110762965062514,-0.7034361744925692,-0.4939418665842308
J9,-0.6461606576406352,-0.5818056694057799,-0.4939418665842308
J10,-0.7530046974132795,-0.4347474647526095,-0.4939418665842308
J11,-0.8647317453046337,0.09088696880019723,-0.4939418665842308
J12,-0.8269388185915338,0.26868870973995956,-0.4939418665842308
J13,-0.7530046974132795,0.4347474647526095,-0.4939418665842308
J14,-0.6461606576406352,0.5818056694057799,-0.4939418665842308
K1,0.932147460684022,0.09797264601003634,-0.3485720473218152
K2,0.8914081437123491,0.2896360632745554,-0.3485720473218152
K3,0.8117100134095975,0.4686409947459457,-0.3485720473218152
K4,0.6965362605040566,0.6271640659579464,-0.3485720473218152
K5,-0.932147460684022,0.09797264601003634,-0.3485720473218152
K6,-0.8914081437123491,0.2896360632745554,-0.3485720473218152
K7,-0.8117100134095975,0.4686409947459457,-0.3485720473218152
K8,-0.6965362605040566,0.6271640659579464,-0.3485720473218152
L1,0.9621063771021513,-0.19137485714045488,-0.19423435121997218
L2,0.9809551553491915,0.0,-0.19423435121997218
L3,0.9621063771021513,0.19137485714045488,-0.19423435121997218
L4,-0.9621063771021513,-0.19137485714045488,-0.19423435121997218
L5,-0.9809551553491915,0.0,-0.19423435121997218
L6,-0.9621063771021513,0.19137485714045488,-0.19423435121997218
M1,4.097243276444517e-17,-0.6691306063588583,-0.7431448254773941
M2,0.13912007574598287,-0.6545084971874738,-0.7431448254773941
M3,0.27215993660967674,-0.6112812260087742,-0.7431448254773941
M4,0.39330510227525706,-0.5413380320007297,-0.7431448254773941
M5,0.49726094768413676,-0.44773576836617335,-0.7431448254773941
M6,0.5794841035564566,-0.3345653031794291,-0.7431448254773941
M7,0.6654650388849338,0.0699431940080446,-0.7431448254773941
M8,0.6363810234301195,0.20677272882130046,-0.7431448254773941
M9,0.5794841035564566,0.3345653031794291,-0.7431448254773941
M10,0.49726094768413676,0.44773576836617335,-0.7431448254773941
M11,0.39330510227525706,0.5413380320007297,-0.7431448254773941
M12,0.27215993660967674,0.6112812260087742,-0.7431448254773941
M13,-0.13912007574598287,-0.6545084971874738,-0.7431448254773941
M14,-0.27215993660967674,-0.6112812260087742,-0.7431448254773941
M15,-0.39330510227525706,-0.5413380320007297,-0.7431448254773941
M16,-0.49726094768413676,-0.44773576836617335,-0.7431448254773941
M17,-0.5794841035564566,-0.3345653031794291,-0.7431448254773941
M18,-0.6654650388849338,0.0699431940080446,-0.7431448254773941
M19,-0.6363810234301195,0.20677272882130046,-0.7431448254773941
M20,-0.5794841035564566,0.3345653031794291,-0.7431448254773941
M21,-0.49726094768413676,0.44773576836617335,-0.7431448254773941
M22,-0.39330510227525706,0.5413380320007297,-0.7431448254773941
M23,-0.27215993660967674,0.6112812260087742,-0.7431448254773941
